{
    "config": {
        "n_folds": 5,
        "seeds": [
            42,
            43,
            44,
            45,
            46
        ],
        "class_names": [
            "Healthy",
            "Bleached",
            "Dead"
        ]
    },
    "fold_results": [
        {
            "fold": 1,
            "accuracy": 0.9936908517350158,
            "report": {
                "Healthy": {
                    "precision": 1.0,
                    "recall": 1.0,
                    "f1-score": 1.0,
                    "support": 143.0
                },
                "Bleached": {
                    "precision": 0.9930555555555556,
                    "recall": 0.9930555555555556,
                    "f1-score": 0.9930555555555556,
                    "support": 144.0
                },
                "Dead": {
                    "precision": 0.9666666666666667,
                    "recall": 0.9666666666666667,
                    "f1-score": 0.9666666666666667,
                    "support": 30.0
                },
                "accuracy": 0.9936908517350158,
                "macro avg": {
                    "precision": 0.986574074074074,
                    "recall": 0.986574074074074,
                    "f1-score": 0.986574074074074,
                    "support": 317.0
                },
                "weighted avg": {
                    "precision": 0.9936908517350158,
                    "recall": 0.9936908517350158,
                    "f1-score": 0.9936908517350158,
                    "support": 317.0
                }
            }
        },
        {
            "fold": 2,
            "accuracy": 0.9905362776025236,
            "report": {
                "Healthy": {
                    "precision": 1.0,
                    "recall": 1.0,
                    "f1-score": 1.0,
                    "support": 143.0
                },
                "Bleached": {
                    "precision": 0.9862068965517241,
                    "recall": 0.9930555555555556,
                    "f1-score": 0.9896193771626297,
                    "support": 144.0
                },
                "Dead": {
                    "precision": 0.9655172413793104,
                    "recall": 0.9333333333333333,
                    "f1-score": 0.9491525423728814,
                    "support": 30.0
                },
                "accuracy": 0.9905362776025236,
                "macro avg": {
                    "precision": 0.9839080459770115,
                    "recall": 0.975462962962963,
                    "f1-score": 0.9795906398451705,
                    "support": 317.0
                },
                "weighted avg": {
                    "precision": 0.9904710105515065,
                    "recall": 0.9905362776025236,
                    "f1-score": 0.9904724497873979,
                    "support": 317.0
                }
            }
        },
        {
            "fold": 3,
            "accuracy": 0.9936708860759493,
            "report": {
                "Healthy": {
                    "precision": 1.0,
                    "recall": 1.0,
                    "f1-score": 1.0,
                    "support": 142.0
                },
                "Bleached": {
                    "precision": 1.0,
                    "recall": 0.9861111111111112,
                    "f1-score": 0.993006993006993,
                    "support": 144.0
                },
                "Dead": {
                    "precision": 0.9375,
                    "recall": 1.0,
                    "f1-score": 0.967741935483871,
                    "support": 30.0
                },
                "accuracy": 0.9936708860759493,
                "macro avg": {
                    "precision": 0.9791666666666666,
                    "recall": 0.9953703703703703,
                    "f1-score": 0.9869163094969546,
                    "support": 316.0
                },
                "weighted avg": {
                    "precision": 0.9940664556962026,
                    "recall": 0.9936708860759493,
                    "f1-score": 0.9937508387896302,
                    "support": 316.0
                }
            }
        },
        {
            "fold": 4,
            "accuracy": 0.9968354430379747,
            "report": {
                "Healthy": {
                    "precision": 0.993006993006993,
                    "recall": 1.0,
                    "f1-score": 0.9964912280701754,
                    "support": 142.0
                },
                "Bleached": {
                    "precision": 1.0,
                    "recall": 0.9930555555555556,
                    "f1-score": 0.9965156794425087,
                    "support": 144.0
                },
                "Dead": {
                    "precision": 1.0,
                    "recall": 1.0,
                    "f1-score": 1.0,
                    "support": 30.0
                },
                "accuracy": 0.9968354430379747,
                "macro avg": {
                    "precision": 0.9976689976689976,
                    "recall": 0.9976851851851851,
                    "f1-score": 0.9976689691708946,
                    "support": 316.0
                },
                "weighted avg": {
                    "precision": 0.9968575728069399,
                    "recall": 0.9968354430379747,
                    "f1-score": 0.996835481726855,
                    "support": 316.0
                }
            }
        },
        {
            "fold": 5,
            "accuracy": 0.990506329113924,
            "report": {
                "Healthy": {
                    "precision": 0.993006993006993,
                    "recall": 1.0,
                    "f1-score": 0.9964912280701754,
                    "support": 142.0
                },
                "Bleached": {
                    "precision": 0.993006993006993,
                    "recall": 0.9861111111111112,
                    "f1-score": 0.9895470383275261,
                    "support": 144.0
                },
                "Dead": {
                    "precision": 0.9666666666666667,
                    "recall": 0.9666666666666667,
                    "f1-score": 0.9666666666666667,
                    "support": 30.0
                },
                "accuracy": 0.990506329113924,
                "macro avg": {
                    "precision": 0.9842268842268842,
                    "recall": 0.9842592592592593,
                    "f1-score": 0.9842349776881227,
                    "support": 316.0
                },
                "weighted avg": {
                    "precision": 0.990506329113924,
                    "recall": 0.990506329113924,
                    "f1-score": 0.9904953414719262,
                    "support": 316.0
                }
            }
        }
    ],
    "summary": {
        "mean_accuracy": 0.9930479575130775,
        "std_accuracy": 0.0023628292561593354,
        "min_accuracy": 0.990506329113924,
        "max_accuracy": 0.9968354430379747,
        "all_accuracies": [
            0.9936908517350158,
            0.9905362776025236,
            0.9936708860759493,
            0.9968354430379747,
            0.990506329113924
        ]
    }
}