{
    "model": "Baseline EfficientNetB0",
    "accuracy": 0.8490566037735849,
    "training_time_seconds": 154.06509828567505,
    "inference_time_per_image_ms": 9.633478128685141,
    "total_params": 4053414,
    "trainable_params": 3843,
    "actual_epochs": 16,
    "per_class": {
        "Healthy": {
            "precision": 0.881578947368421,
            "recall": 0.9305555555555556,
            "f1": 0.9054054054054054
        },
        "Bleached": {
            "precision": 0.9491525423728814,
            "recall": 0.7777777777777778,
            "f1": 0.8549618320610687
        },
        "Dead": {
            "precision": 0.5,
            "recall": 0.8,
            "f1": 0.6153846153846154
        }
    },
    "macro_avg": {
        "precision": 0.7769104965804341,
        "recall": 0.8361111111111112,
        "f1": 0.7919172842836965
    }
}