{
    "train_acc": [
        0.45612648129463196,
        0.6237154006958008,
        0.6885375380516052,
        0.7438735365867615,
        0.7588932514190674,
        0.791304349899292,
        0.8007904887199402,
        0.8047431111335754,
        0.7960474491119385,
        0.8252964615821838,
        0.8150197863578796,
        0.8197628259658813,
        0.835573136806488,
        0.8339921236038208,
        0.8292490243911743,
        0.8308300375938416
    ],
    "val_acc": [
        0.5822784900665283,
        0.6898733973503113,
        0.7215189933776855,
        0.753164529800415,
        0.7594936490058899,
        0.7848101258277893,
        0.8101266026496887,
        0.8164557218551636,
        0.8227847814559937,
        0.8227847814559937,
        0.8354430198669434,
        0.8037974834442139,
        0.8354430198669434,
        0.8291139006614685,
        0.8227847814559937,
        0.8354430198669434
    ],
    "train_loss": [
        1.077907919883728,
        0.9499456882476807,
        0.863554060459137,
        0.7851589322090149,
        0.7365851998329163,
        0.6868990659713745,
        0.6473572850227356,
        0.6164194941520691,
        0.5896077752113342,
        0.5562117695808411,
        0.5405077934265137,
        0.5325492024421692,
        0.5117374658584595,
        0.4947391152381897,
        0.48836085200309753,
        0.47502046823501587
    ],
    "val_loss": [
        0.9271253943443298,
        0.833095133304596,
        0.7613005042076111,
        0.7162731289863586,
        0.677649199962616,
        0.6419792175292969,
        0.6093714237213135,
        0.5866490602493286,
        0.5662379264831543,
        0.5471901297569275,
        0.525557816028595,
        0.519807755947113,
        0.5001411437988281,
        0.4935351014137268,
        0.48640358448028564,
        0.4744400680065155
    ],
    "training_time_seconds": 154.06509828567505,
    "actual_epochs": 16
}