{
    "model": "ConvNeXtTiny Robust Single Model",
    "seed": 42,
    "protocol": "224px single-scale, no TTA",
    "accuracy": 0.9748427672955975,
    "accuracy_percent": 97.48,
    "test_samples": 159,
    "total_errors": 4,
    "class_order": [
        "Healthy",
        "Bleached",
        "Dead"
    ],
    "confusion_matrix": [
        [
            71,
            1,
            0
        ],
        [
            2,
            70,
            0
        ],
        [
            1,
            0,
            14
        ]
    ],
    "classification_report": {
        "Healthy": {
            "precision": 0.9594594594594594,
            "recall": 0.9861111111111112,
            "f1-score": 0.9726027397260274,
            "support": 72.0
        },
        "Bleached": {
            "precision": 0.9859154929577465,
            "recall": 0.9722222222222222,
            "f1-score": 0.9790209790209791,
            "support": 72.0
        },
        "Dead": {
            "precision": 1.0,
            "recall": 0.9333333333333333,
            "f1-score": 0.9655172413793104,
            "support": 15.0
        },
        "accuracy": 0.9748427672955975,
        "macro avg": {
            "precision": 0.9817916508057353,
            "recall": 0.9638888888888889,
            "f1-score": 0.9723803200421056,
            "support": 159.0
        },
        "weighted avg": {
            "precision": 0.9752641293964706,
            "recall": 0.9748427672955975,
            "f1-score": 0.9748406689966926,
            "support": 159.0
        }
    }
}