{
    "train_accuracy": [
        0.5589241981506348,
        0.8239609003067017,
        0.8816626071929932,
        0.9100244641304016,
        0.933496356010437,
        0.9427872896194458,
        0.9550122022628784,
        0.9599022269248962,
        0.9638141989707947,
        0.9721271395683289,
        0.9745721220970154,
        0.9711491465568542,
        0.97555011510849,
        0.9770171046257019,
        0.9716381430625916,
        0.97555011510849,
        0.9789730906486511,
        0.9814180731773376,
        0.9814180731773376,
        0.9843520522117615,
        0.9833740592002869,
        0.9843520522117615,
        0.9814180731773376,
        0.9838630557060242,
        0.9823960661888123,
        0.981907069683075,
        0.9789730906486511,
        0.9794620871543884,
        0.9843520522117615,
        0.9877750873565674
    ],
    "val_accuracy": [
        0.7911392450332642,
        0.8481012582778931,
        0.8860759735107422,
        0.8987341523170471,
        0.9113923907279968,
        0.892405092716217,
        0.9430379867553711,
        0.9113923907279968,
        0.9367088675498962,
        0.9303797483444214,
        0.9240506291389465,
        0.949367105960846,
        0.949367105960846,
        0.9556962251663208,
        0.949367105960846,
        0.9556962251663208,
        0.9620253443717957,
        0.9556962251663208,
        0.9620253443717957,
        0.949367105960846,
        0.9620253443717957,
        0.9556962251663208,
        0.9620253443717957,
        0.9556962251663208,
        0.9620253443717957,
        0.9620253443717957,
        0.9620253443717957,
        0.9620253443717957,
        0.9620253443717957,
        0.9620253443717957
    ],
    "train_loss": [
        1.0413366556167603,
        0.6063275337219238,
        0.5064393877983093,
        0.44557711482048035,
        0.42435529828071594,
        0.4177718162536621,
        0.3763943910598755,
        0.3677455484867096,
        0.3589935004711151,
        0.34370312094688416,
        0.34087494015693665,
        0.3378085792064667,
        0.3286108076572418,
        0.3250901401042938,
        0.33686572313308716,
        0.32892072200775146,
        0.3264511227607727,
        0.32710030674934387,
        0.3155320882797241,
        0.3183300793170929,
        0.3192652463912964,
        0.31801027059555054,
        0.3042905628681183,
        0.30891576409339905,
        0.3109494745731354,
        0.30836623907089233,
        0.3093888759613037,
        0.30547791719436646,
        0.3069192171096802,
        0.3140602707862854
    ],
    "val_loss": [
        0.5911397337913513,
        0.4753158688545227,
        0.44794851541519165,
        0.3919127881526947,
        0.3796316087245941,
        0.38188064098358154,
        0.3227579891681671,
        0.3245622217655182,
        0.31375056505203247,
        0.314509779214859,
        0.3069988489151001,
        0.2875364422798157,
        0.27684664726257324,
        0.28718045353889465,
        0.27532437443733215,
        0.26851871609687805,
        0.2652871310710907,
        0.2728639841079712,
        0.26338332891464233,
        0.2715573310852051,
        0.26483649015426636,
        0.27076542377471924,
        0.26431065797805786,
        0.26127275824546814,
        0.2616051435470581,
        0.2600354552268982,
        0.2621697187423706,
        0.26140111684799194,
        0.2612704336643219,
        0.2613264322280884
    ]
}