index,image,true_label,original_prediction,original_confidence_percent,water_masked_prediction,water_masked_target_confidence_percent,water_masked_confidence_drop_pp,water_shifted_prediction,water_shifted_target_confidence_percent,water_shifted_confidence_drop_pp,largest_confidence_drop_pp,prediction_changed_after_counterfactual,counterfactual_sensitive,water_attention_mass,water_attention_enrichment
0,Bleached/184.png,Bleached,Bleached,98.49766492843628,Bleached,64.03397917747498,34.463685750961304,Bleached,90.31234383583069,8.18532109260559,34.463685750961304,False,True,0.46873158394012504,0.8204519624565588
1,Bleached/237.png,Bleached,Bleached,94.35408115386963,Dead,36.73529326915741,57.61878788471222,Bleached,88.99892568588257,5.3551554679870605,57.61878788471222,True,True,0.9744958644241735,0.9909672184619053
2,Bleached/345.png,Bleached,Bleached,99.12942051887512,Dead,36.39143109321594,62.73798942565918,Bleached,95.84023356437683,3.289186954498291,62.73798942565918,True,True,0.5782473425772789,0.8664816682442152
3,Bleached/222.png,Bleached,Bleached,84.82953906059265,Dead,26.717692613601685,58.11184644699097,Bleached,71.4628279209137,13.366711139678955,58.11184644699097,True,True,0.9849267612033171,0.9920245131207749
