index,image,true_label,predicted_label,confidence_percent,correct,water_area_fraction,water_attention_mass,water_attention_enrichment,water_density_ratio,top20_water_fraction,top10_water_fraction,majority_attention_on_water,top20_majority_water,area_adjusted_water_bias
0,Bleached/184.png,Bleached,Bleached,98.49766492843628,True,0.5713089923469388,0.46873158394012504,0.8204519624565588,0.6620388670532513,0.30071741729772816,0.354125149461937,False,False,False
1,Bleached/237.png,Bleached,Bleached,94.35408115386963,True,0.9833785076530612,0.9744958644241735,0.9909672184619053,0.6458273926724013,0.9697090474292547,0.977281785571941,True,True,False
2,Bleached/345.png,Bleached,Bleached,99.12942051887512,True,0.667350924744898,0.5782473425772789,0.8664816682442152,0.6834202309480194,0.5580352695028395,0.48785578747628083,True,True,False
3,Bleached/222.png,Bleached,Bleached,84.82953906059265,True,0.9928451849489796,0.9849267612033171,0.9920245131207749,0.4708829829064436,0.9702072538860104,0.9507772020725389,True,True,False
