{
    "train_accuracy": [
        0.713936448097229,
        0.8303178548812866,
        0.8841075897216797,
        0.9002444744110107,
        0.9212713837623596,
        0.9427872896194458,
        0.9520782232284546,
        0.9603912234306335,
        0.9579461812973022,
        0.9628362059593201,
        0.964303195476532,
        0.9745721220970154,
        0.9711491465568542,
        0.9784840941429138,
        0.9735941290855408,
        0.9726161360740662,
        0.9779950976371765,
        0.981907069683075,
        0.9760391116142273,
        0.9779950976371765,
        0.9838630557060242,
        0.9843520522117615,
        0.9877750873565674,
        0.9853300452232361,
        0.9843520522117615,
        0.9848410487174988,
        0.9853300452232361,
        0.9877750873565674,
        0.9853300452232361,
        0.9828850626945496
    ],
    "val_accuracy": [
        0.8860759735107422,
        0.9430379867553711,
        0.949367105960846,
        0.9556962251663208,
        0.949367105960846,
        0.9620253443717957,
        0.9430379867553711,
        0.949367105960846,
        0.9556962251663208,
        0.9620253443717957,
        0.9683544039726257,
        0.9430379867553711,
        0.9556962251663208,
        0.9620253443717957,
        0.9683544039726257,
        0.9556962251663208,
        0.9746835231781006,
        0.9620253443717957,
        0.9620253443717957,
        0.9620253443717957,
        0.9683544039726257,
        0.9683544039726257,
        0.9683544039726257,
        0.9683544039726257,
        0.9746835231781006,
        0.9556962251663208,
        0.9683544039726257,
        0.9683544039726257,
        0.9683544039726257,
        0.9683544039726257
    ],
    "train_loss": [
        0.8271225690841675,
        0.6052731871604919,
        0.5280238389968872,
        0.48591354489326477,
        0.4434552788734436,
        0.3991236984729767,
        0.39967644214630127,
        0.37069690227508545,
        0.37385693192481995,
        0.3574535548686981,
        0.3675995469093323,
        0.3425719141960144,
        0.3490414023399353,
        0.3317420184612274,
        0.34002685546875,
        0.3325231671333313,
        0.3201791048049927,
        0.33166080713272095,
        0.3214675784111023,
        0.3218984305858612,
        0.31766411662101746,
        0.3193730115890503,
        0.3187466561794281,
        0.31335577368736267,
        0.3138464689254761,
        0.3141452670097351,
        0.30754223465919495,
        0.3160085380077362,
        0.31151512265205383,
        0.3166540861129761
    ],
    "val_loss": [
        0.6146941184997559,
        0.3500370979309082,
        0.38000309467315674,
        0.3744659125804901,
        0.32011979818344116,
        0.2926957905292511,
        0.34674549102783203,
        0.340211421251297,
        0.31528666615486145,
        0.32320863008499146,
        0.30383768677711487,
        0.3365141451358795,
        0.3258639872074127,
        0.28562694787979126,
        0.28074735403060913,
        0.2894406318664551,
        0.26850271224975586,
        0.28433486819267273,
        0.2952941656112671,
        0.28831395506858826,
        0.278478741645813,
        0.2756558656692505,
        0.2721478044986725,
        0.2779900133609772,
        0.2681487798690796,
        0.27104905247688293,
        0.2722226679325104,
        0.27030980587005615,
        0.270239919424057,
        0.2698418200016022
    ]
}