{
    "avg_train_acc": [
        0.6347188353538513,
        0.8058679699897766,
        0.846552562713623,
        0.8779462099075317,
        0.894572126865387,
        0.9100244522094727,
        0.9187286019325256,
        0.9288997530937195,
        0.9341809272766113,
        0.9357457280158996,
        0.944743275642395,
        0.9492420434951783,
        0.9501222372055054,
        0.9515892267227173,
        0.9568704128265381,
        0.959413206577301,
        0.9640097856521607,
        0.956185805797577,
        0.9629339814186096,
        0.9621515989303588,
        0.9624449968338012,
        0.9686063647270202,
        0.9643031835556031,
        0.9636186003684998,
        0.9671393752098083,
        0.965574586391449,
        0.966845977306366,
        0.966650378704071,
        0.9638141870498658,
        0.9631295919418335
    ],
    "avg_val_acc": [
        0.8278480887413024,
        0.8911392450332641,
        0.9063291072845459,
        0.9202531576156616,
        0.9354430437088013,
        0.9341772198677063,
        0.949367105960846,
        0.949367105960846,
        0.9544304013252258,
        0.9645569801330567,
        0.9670886158943176,
        0.9582278609275818,
        0.9645569682121277,
        0.9670886039733887,
        0.9696202516555786,
        0.9683544278144837,
        0.9683544278144837,
        0.9670886039733887,
        0.9645569562911988,
        0.9645569562911988,
        0.9670885920524597,
        0.9658227801322937,
        0.9658227801322937,
        0.9658227801322937,
        0.9658227801322937,
        0.9658227801322937,
        0.9670886039733887,
        0.9670886039733887,
        0.9670886039733887,
        0.9670886039733887
    ],
    "avg_train_loss": [
        0.901333749294281,
        0.6463404536247254,
        0.5756319284439086,
        0.5245433449745178,
        0.48190413117408754,
        0.46354995369911195,
        0.45232718586921694,
        0.43861874341964724,
        0.4290590465068817,
        0.41770026087760925,
        0.40941144824028014,
        0.39579471945762634,
        0.400013393163681,
        0.3873462677001953,
        0.38291910886764524,
        0.37739489078521726,
        0.37677040696144104,
        0.38379451632499695,
        0.3767872333526611,
        0.37202205061912536,
        0.36650446653366087,
        0.36246047019958494,
        0.3625648617744446,
        0.3682793200016022,
        0.35659403800964357,
        0.37092235684394836,
        0.3652329325675964,
        0.3645868182182312,
        0.36489142179489137,
        0.3645652115345001
    ],
    "avg_val_loss": [
        0.5470681428909302,
        0.42427589893341067,
        0.3822181820869446,
        0.36100803017616273,
        0.3372829854488373,
        0.31803887486457827,
        0.3067967414855957,
        0.3051003336906433,
        0.2908689081668854,
        0.2889029383659363,
        0.2830742061138153,
        0.2787074625492096,
        0.27528347373008727,
        0.274918931722641,
        0.2726602852344513,
        0.26924246549606323,
        0.26698929667472837,
        0.26688945293426514,
        0.26243985891342164,
        0.262471866607666,
        0.2611895531415939,
        0.2600758522748947,
        0.25942757725715637,
        0.2578252464532852,
        0.2574795186519623,
        0.25811744332313535,
        0.25914902687072755,
        0.25858485102653506,
        0.2587126851081848,
        0.25826511085033416
    ]
}